l2_regularization,learning_rate,max_leaf_nodes,min_samples_leaf,max_bins,mean_test_score,std_test_score,rank_test_score
0.021329648717648208,0.1307886059282795,29,2,157,0.8732884772496042,0.003447861002555424,1
2.2812114496002632e-05,0.21085808997024474,31,9,188,0.8719576081187677,0.0034030671313813677,2
9.16033911237448e-06,0.42903237882248524,6,51,191,0.8718296392402959,0.0034329318457388845,3
8.89339039480547e-05,0.051247327722071086,114,1,137,0.8717528048562213,0.0037125406691651632,4
1.79750409442408,0.04098438966947531,107,3,132,0.8715737047584753,0.003413046945794433,5
0.03922028324259524,0.03662440509263192,116,3,144,0.8713944998567953,0.0035091016719720155,6
8.995428958104743,0.5376939316451698,32,59,224,0.8709850963893244,0.0022526647753238417,7
1.6589356737501623e-05,0.02681452659522467,50,26,133,0.8708570882093774,0.0031130178153016123,8
5.146562793179593,0.14369839489446543,96,29,171,0.870473175023716,0.004476504194609902,9
4.933574267538011,0.025178613135892026,162,3,147,0.8701660307196706,0.002727142317219686,10
6.0352796651234595,0.38809990336569683,3,7,220,0.8686559697876459,0.004337494410262779,11
0.13860735089392448,0.6607431314403278,26,46,170,0.8682978187189978,0.002959098359748157,12
3.7841166301110666e-06,0.13855792817945614,5,11,183,0.8679906056373708,0.004712295717743254,13
0.0010361340856839014,0.048127990430464763,14,9,162,0.867709056419069,0.004007252684841407,14
112.2308915627567,1.0223927072623207,40,1,171,0.867427618554947,0.0036083361905769238,15
0.0002951263829273712,0.29109348404329727,17,33,99,0.866711005280972,0.0036569886141832085,16
1.9078732924438,0.5464182571752334,80,10,235,0.8666341512461597,0.004044468090548885,17
0.6796812417942378,0.9697302066606158,2,11,189,0.8662501660077938,0.005406971410719847,18
217.93668493794706,0.046635997702313685,50,5,246,0.8656872280522139,0.003542396238292663,19
0.0002574742265988584,0.3351015669343489,7,20,110,0.8654313295967455,0.00425303045145313,20
0.002116261777916139,0.027506592339391945,46,22,94,0.8643819245310146,0.0039968797958534474,21
173.41153725654826,0.053046083570957935,18,10,147,0.8641515982354292,0.004395520725486712,22
0.0019100151393955064,0.07898341393437443,26,1,61,0.8638700097156521,0.0046676913191718225,23
2.570914919263431,0.7961528731202632,63,49,126,0.8638189505490825,0.005538893111981103,24
2.4739081730375914e-06,0.277520361122985,13,67,62,0.8636141210855527,0.006022042602545085,25
4.994575029860345e-05,0.4565318144337925,142,39,121,0.8632045735126725,0.004176719922302632,26
4.755405483606217e-05,0.8338425235044231,40,2,207,0.8628976289911263,0.002769144072557002,27
0.43517065024220974,0.19562533416065078,44,37,93,0.8628719323765717,0.0056694502931565775,28
0.28681477801007593,0.29937017527072957,31,1,67,0.8628463110898446,0.005744705547717771,29
3.03082036878542e-06,0.07974095518812005,94,11,81,0.8623856290225674,0.00555661342924462,30
0.002661858512072995,0.1262443056882902,49,1,62,0.8621553584040719,0.004732796630558685,31
2.0839977358559603,0.09894214956258861,113,10,62,0.8621297698685743,0.004932037358589987,32
0.030354135348113542,0.17894648748932157,8,6,79,0.8620017780642417,0.004507269854868803,33
6.499813706848847e-05,0.02815496809573784,15,2,204,0.8618994402978657,0.003321124849733408,34
0.05731456500934171,0.2695034800976253,10,68,74,0.8615154747102377,0.005268047181053397,35
0.0011117567926782806,0.2513195458148996,9,11,85,0.8614899680528133,0.003758173004677817,36
214.55958973681038,0.5783771796649803,9,2,66,0.861336253432943,0.005808736130330182,37
0.1988741063218021,0.36991828763413537,4,9,90,0.8612083893584049,0.0052431869182135325,38
18.499332916817142,1.254496463088357,12,14,118,0.860977941883271,0.005998983833592258,39
0.4292330676643079,0.06962406794873575,12,12,73,0.8609268499654721,0.004764881062454669,40
0.0003251219686940657,0.41251868870829206,15,1,86,0.8608500843589791,0.004267157822266242,41
2.6266780832925183,0.06713989365543609,127,58,58,0.8604918383117658,0.003822093355309332,42
0.00011399761636721111,0.07667848600928076,139,1,64,0.8603381891943542,0.004722825635059353,43
4.6219490803999275,1.0283118226466186,53,2,205,0.8603126989125446,0.004664264771718931,44
4.557422120985241e-05,0.023885469619692904,53,1,55,0.8602613941117546,0.004743009618871466,45
0.0044317413507876414,0.05549618733365681,6,1,133,0.8601846841823516,0.004223356900659537,46
208.2437817833598,0.04600700452061515,15,4,84,0.8600566203253148,0.004678160220079763,47
821.1604042524601,0.8341002045120071,7,21,78,0.8600054956562863,0.004067526053328525,48
0.0016165338618783188,1.1975054533108764,6,1,101,0.8599799464222639,0.005003266632524383,49
11.56978564341634,0.2999215139749359,3,95,79,0.859647210307598,0.00493672603739464,50
6.858413402325717,0.21534531466283685,140,4,59,0.8594681920879251,0.004212385528732984,51
0.02411731758660868,0.07911176906561786,59,12,38,0.8593912135984414,0.00645421153482992,52
0.04124671114847255,0.036074327893054016,16,1,68,0.8593656578141731,0.004744908529779526,53
1.3721923302570596e-06,0.026065739436166347,220,53,70,0.8593401577069948,0.003828530935525373,54
0.001665212694143019,0.12665524166159092,7,1,54,0.8591097102318607,0.005095475602494209,55
0.00016901212943443343,0.0542739729341685,50,1,28,0.859084124971486,0.004570456331839472,56
0.00020553615494037773,0.28369496669686395,3,25,42,0.85903292497463,0.006277034041102629,57
1.3161973218006013,0.11721082472589074,5,23,20,0.8588538052261464,0.0055973542346613794,58
1.9475049135525428,0.12097891689829446,6,2,33,0.858725816696937,0.005606769538894566,59
0.00032379476816488817,0.9657729394363244,5,13,84,0.8586490740163045,0.003391467311708122,60
3.5403552604921335e-05,0.019109108503748043,162,45,69,0.8585467296996827,0.004345509046448277,61
225.54449433271665,0.1749173240925371,10,1,21,0.8585210036090217,0.005403982455855451,62
0.4558832447266174,0.40677656867174733,152,49,103,0.8584700328707713,0.0046715325257145465,63
8.465432368861589e-05,0.07830296367793803,65,47,31,0.8584187608212108,0.005109089749438245,64
1.1727620659490954,0.3332430430143754,52,2,72,0.8583930707569023,0.006160617777201019,65
2.396442069526217e-06,0.4319346079885746,6,17,42,0.8583674854965274,0.00568071606830548,66
0.000444767489804537,0.47987034473553264,6,9,34,0.8582652361584708,0.0038505217872522356,67
0.21334910048308484,0.2320181577110032,78,17,35,0.8582395886707603,0.004970360667445111,68
0.00010566871807089263,0.06031334979013717,25,2,28,0.8581115575649527,0.0050043559568541925,69
0.0004688323075127349,0.3073333266447676,3,5,50,0.8580604754725225,0.004598299282017407,70
0.04036669691703243,0.06677332704708673,72,26,21,0.8577788967781143,0.00509329630973393,71
9.221690302634605e-06,0.04899725382173833,80,9,25,0.8576509246245194,0.004750114118752789,72
8.924229522007868,0.05618766910031553,20,87,19,0.8575741393672889,0.004700781197800719,73
12.36640199456825,0.14699531280622546,7,2,30,0.857471840902388,0.004074528113982435,74
6.752180638370758e-06,0.02473933223100577,28,18,23,0.8574461475629563,0.004770612030091756,75
0.26452323985072146,0.05721129039812937,108,39,36,0.8573694441837991,0.005705170356853242,76
0.0028681577082967096,0.11261336553007897,11,3,30,0.8573438556483015,0.0045231745895394715,77
0.06800296264134889,0.024779985496985322,60,1,30,0.8572670540154563,0.004653918520122567,78
1.5901387528892162e-06,0.044219569068044695,15,1,49,0.8572158245424939,0.004409302434146814,79
0.00010419394342017786,0.6288447962936061,2,79,46,0.8571901803299063,0.0054989157385685345,80
7.179345484129471,0.10268231100150806,117,1,49,0.8570879015157432,0.004656793370131824,81
7.36760664747205e-06,0.014824513230049154,146,4,65,0.8568576570982313,0.0030919864827717173,82
250.78770124033184,0.07055196226785052,6,29,204,0.8567807735873124,0.005659588816372053,83
0.00011032514280101538,0.22491144070932492,7,5,19,0.8567551621259544,0.005250726595422071,84
0.00010774156785969436,0.032147553536724424,209,9,32,0.8566528505605617,0.0047738370550195735,85
9.43767817002748e-06,0.060021024051020486,82,18,22,0.8566528440103159,0.004054073027126905,86
0.00021021874256639758,0.05493340056881072,55,56,25,0.8566527555819967,0.005288739634628469,87
0.1543268887982791,0.14464663174707404,5,34,29,0.856627225998712,0.004953269125665823,88
21.37965386571359,0.04784853216422707,9,6,40,0.8564735605056855,0.005290650325604129,89
9.668112650050993e-06,0.034134130689705715,14,3,37,0.8562944735084311,0.00508835189293022,90
1.0869863825768986e-05,0.32965885687659413,21,60,25,0.8559873750561069,0.004167621220827044,91
0.0006656296850661948,0.7574450800258256,93,21,250,0.8559363682915044,0.0033218280029024693,92
1.7913812458299192e-06,0.23145513486534716,129,15,34,0.8557570454853985,0.004189076195429896,93
0.19755771425772659,0.042496952330194966,13,33,49,0.8555522815243274,0.0040472746699658805,94
304.8201168364638,0.4599347909229708,2,1,195,0.8554499568584433,0.004272747644009237,95
67.96690990491669,1.4372416582250975,137,46,95,0.8553733189817446,0.005327306540032746,96
0.0012828313093993938,0.3925385800402889,6,1,26,0.8552707454065173,0.004919728293803718,97
0.0027196193615221568,0.18717355240425318,125,17,48,0.8551683748889118,0.004859108940004924,98
10.366619646188994,0.05040176180399572,10,2,29,0.8550659552444625,0.00558358807759577,99
0.04714225417233494,0.4791914818384413,2,3,26,0.8548355994727708,0.005849941120485916,100
1.0649040635153153,0.20377960841411008,3,9,17,0.8547845239305865,0.004693055854815879,101
1.3426922101871117e-06,0.43972136601911166,2,1,26,0.8547588502418926,0.005458436736576007,102
9.499442179835158e-05,1.214521259411402,7,7,58,0.8547333927113122,0.002063080830306462,103
6.876038917913888e-05,0.05848664643942573,6,14,30,0.854605335404521,0.005069173692632144,104
8.485274790884358,0.14135190168246198,3,2,29,0.8544005976444332,0.004845066935061401,105
0.0005215013534748864,0.31882036775594197,2,27,54,0.8542214844461956,0.005265809949593659,106
5.97548545781553e-05,0.5362179105113594,82,73,34,0.8538888433100947,0.004970110430508903,107
9.820181388647262,0.04599295874230216,5,7,186,0.8536329415795034,0.003500414364055715,108
0.5319294325329251,0.030059324037987247,7,36,130,0.8535817153816639,0.0029319349850954724,109
0.09219249683134856,0.9629101701415135,10,18,77,0.8535050218278755,0.0028275312343472828,110
6.378241214536096,0.11767588109803763,124,1,18,0.8534537661539299,0.004717626900084524,111
447.8081570420256,0.1062154633580809,6,4,16,0.8511246821288495,0.004986397425140669,112
3.1643636772503285,0.015412735823168806,13,4,174,0.8510992573494987,0.0030144523592352894,113
3.8633747863354446,0.015978921886017315,29,3,45,0.8510991623709335,0.0030514939735856116,114
0.0004017191158712784,0.26207788855518205,159,1,84,0.8508943230820348,0.0044985828840816994,115
0.17440743673637343,0.4295201326010112,131,2,73,0.8506385065046398,0.004531872300129222,116
0.002105709557293995,0.01876256879648286,23,1,17,0.8505617343479009,0.0031946619950819644,117
0.0008916962759805296,0.012290624948183143,149,1,49,0.850049894860366,0.002594893364124537,118
0.01827040310810836,0.5195175226865887,199,10,60,0.8498196275169934,0.004471233226486395,119
0.00048305186184280195,0.8038987336133565,41,7,79,0.849793871950226,0.006115923774631488,120
0.16892464999072046,0.23197794502167834,16,5,15,0.8494355669508,0.004944666159476862,121
0.00025133279427474846,0.1410780444890591,6,5,15,0.8490517094422285,0.0047267366750419,122
0.00033691282944213697,0.010269391037772082,26,3,193,0.8488214846754542,0.003426647137993852,123
125.46892758796372,0.06211539913350965,4,10,46,0.8482838994465206,0.004557916369655203,124
0.21450154875423105,1.1023383670407045,24,2,84,0.8482069733590037,0.006020353977389586,125
9.735879577542002,0.6404485038064941,252,2,22,0.8479767616927211,0.0033533754791457327,126
0.0011486973656514709,0.2737916961172129,7,1,15,0.847874381349747,0.004464340019910796,127
0.06891914740308942,0.07643512771617288,8,82,14,0.8478488386659704,0.0046899311828039695,128
1.934190830106214e-06,0.49698751311623873,5,1,14,0.8478231977285058,0.005074120460376448,129
241.80905577817387,0.13064133082189502,9,17,13,0.8476440550541616,0.005989929218788848,130
753.522386036171,0.26031517717147806,60,1,11,0.8475160894508127,0.005567030003796023,131
7.791219837605555,0.012000494576042398,35,1,88,0.8473626368407772,0.0038493846339011737,132
2.251035708152024e-05,1.0019632711780728,27,71,17,0.8472602761485406,0.00489061883829621,133
93.73165040617491,1.2497561655729725,2,13,14,0.8469786286765506,0.004352690106429708,134
11.6720899805767,0.014634395121691086,39,1,18,0.8469275072826452,0.002386201590392932,135
3.510422124112393e-06,0.09332183198006587,113,71,12,0.8469274319548177,0.00594356009457625,136
3.490364661371492e-06,0.08633774506968334,12,16,8,0.8467738155886353,0.006136993220559501,137
0.00031473144384978554,0.11547415257597866,24,24,12,0.8467482663546129,0.006156366166146587,138
134.3663064342456,0.7387657545507601,4,7,12,0.8467227203957135,0.005781357301691685,139
0.010869985022761122,0.27550505916427714,6,8,11,0.8462619924767152,0.006033915611041959,140
0.00033489165381519174,0.0187455921049451,14,5,17,0.8461085595174171,0.002527031359915561,141
0.004492681896976931,0.04673065561199669,127,7,11,0.8457757153236944,0.004949719586693959,142
0.007356349588093643,1.4704647557160302,13,2,35,0.8456732793036302,0.006392257696092435,143
0.00036316637442505547,0.05031040329098954,224,91,8,0.845647713693993,0.005207453941957298,144
1.0429941209771136e-06,0.6051459074572176,11,49,10,0.8453405497392102,0.006879150183910479,145
5.505034241979513,1.2045506351704114,8,8,14,0.8450335560908198,0.0046638889424664536,146
114.36937361439402,0.8746720482466105,3,3,10,0.8449567904843267,0.006537751894335718,147
4.282644247696895,0.06969283412007662,89,4,7,0.8445472167104633,0.004959865203349033,148
0.11794327344889531,0.02843542404800196,192,1,11,0.8444704249029866,0.005403470648745153,149
1.2573404006403345e-05,0.4773058622896633,24,9,12,0.8443169788431971,0.005359478752598363,150
142.2939893257272,0.09858593631454653,150,54,9,0.8443169755680742,0.005598522039450106,151
0.11972853889656385,0.11671912319777258,61,6,7,0.8441121068030689,0.005452125259031586,152
0.0030075040156535495,0.31134837165905843,74,23,10,0.8438306132618572,0.005556062290274673,153
5.0646476966262706e-05,0.36957216622096256,125,1,21,0.8430884081772614,0.0057818512771130775,154
1.1766364890231824,0.02069787933214375,96,50,9,0.8426533473967112,0.005243664586558624,155
0.015063628935980873,0.7851493441847962,7,7,7,0.8423461736165594,0.005911517658331396,156
0.06173279103587082,1.3313281211552412,26,3,68,0.8420904028908855,0.005222298522481961,157
0.08074958924490908,0.21581583900283127,179,1,13,0.8420903504889186,0.004082731025551375,158
11.015220352571825,1.3423750276052038,19,14,15,0.841834409456852,0.005029804933686781,159
1.0397886907779779,0.6098265678371356,2,12,9,0.8417831832590126,0.004997362926550095,160
1.0554525924131955e-06,1.2837731423106244,10,91,18,0.8414760651559507,0.0066724829977993045,161
0.0007381923116940031,0.3566274517736948,92,13,10,0.8412713568719694,0.004851455846414451,162
0.7605768968782355,0.01853221948420652,44,40,13,0.8410153634379359,0.004616800372358206,163
10.284773762720505,0.016562937084371412,105,3,15,0.8409897847278069,0.004565700638054847,164
7.737430194370417e-05,0.6031261815863311,93,60,8,0.840708192932907,0.005577019343100107,165
0.007000604317149394,0.016417515921030523,73,8,11,0.8393518302451382,0.004443448456302912,166
131.92114415196255,0.016230597757467376,46,9,79,0.8387120939318358,0.0017083056171527564,167
1.660177716603331e-05,0.22015833897455198,150,1,13,0.8385842069314375,0.004429941916999447,168
0.011406235738397113,0.18111970669511446,11,41,6,0.8384560317202208,0.0054654955156543585,169
72.59093789949677,1.9493236408314731,20,32,20,0.8381999105563926,0.008195150474225652,170
6.263994105901043e-05,0.13831207425712533,13,2,6,0.8380977299959177,0.005642822656146704,171
0.13427941579675998,1.2888227349955745,149,1,214,0.8380211248704483,0.003921821649289179,172
0.042072661799987296,0.8539043640227199,218,2,213,0.8377397001068182,0.005357755769027855,173
52.198421890815375,0.011899475018192579,16,4,74,0.8376885099353311,0.0040570283167644435,174
9.361696927087861,0.043708327342768805,30,23,6,0.837637064304255,0.005021544223315655,175
22.02208074816601,0.07537005865054124,229,40,6,0.8375347199876332,0.0041539154768391465,176
51.29452949214144,1.7776762366433858,8,42,48,0.8370996395563453,0.00587542477885164,177
0.06702584331340873,0.46929837436292465,166,1,18,0.8369717460057011,0.0037795743037189193,178
107.88844477183997,0.0849326997557931,3,1,8,0.8367413443822882,0.004799992116943362,179
0.0003909526660461353,0.00864790720318958,28,5,233,0.8364854623024343,0.0033468253834036694,180
5.921246104207968e-06,1.2936276260666841,203,68,174,0.8353339683796707,0.010619800871778795,181
91.95349443156682,0.035374073650702054,67,50,6,0.8342844224836534,0.0052584098516787045,182
6.8949152975003845,1.4058210807558391,20,24,12,0.8333888335666039,0.004704267216599325,183
0.6060149919023319,0.01839907782905115,12,1,7,0.8322113351677297,0.003503556932056592,184
5.431505026702059e-06,0.6129454218357282,222,1,69,0.832185851436166,0.003586464642977067,185
54.85642277868834,0.11597910745697759,2,1,60,0.8305478936783741,0.0019663198052099146,186
1.1835661962763461e-05,0.4218532560161809,213,3,13,0.8302663510103182,0.006765556192441472,187
0.5916473145679366,1.6696118655234466,40,58,62,0.8296264640413609,0.00381273773169129,188
8.38748170921419,1.069173984261747,200,3,12,0.8295497180856055,0.003513172023340203,189
548.781223738614,0.027357209763050918,39,69,15,0.8291147424582516,0.0035018588992023047,190
1.8772233076200517e-05,0.010375600096766038,14,13,18,0.8290122343854829,0.0031261856711047266,191
0.0007615723005472382,0.014170265834236266,63,9,6,0.8279629046475796,0.002992309966691734,192
2.3728926187951742e-05,0.010540426799848858,94,10,9,0.8276813226780485,0.003690161340070166,193
0.01783306900611227,0.7780807737079661,205,4,20,0.8275534553283876,0.0056885146540192515,194
4.6234072574452005,0.5030384701137679,6,7,5,0.8273743683311332,0.0032941687679160594,195
0.30695965945866305,0.48915800753398425,5,71,5,0.8272719421364381,0.004817339226832901,196
0.00020606969735963016,0.00584543040039363,160,9,104,0.8268881534054483,0.005570485509794277,197
5.961372989758193,0.7996134007601826,3,1,5,0.8268880617020059,0.004190712738569259,198
0.001584506129848539,0.09180972674518355,37,4,5,0.8268368584300273,0.004027189046688214,199
16.206903284274812,0.12013818610550889,7,63,5,0.8264785075788801,0.004002847989681535,200
903.1997363405865,0.3995675777600635,73,53,5,0.8264529517946118,0.0034946779885533137,201
469.2769795722483,0.08771099218331634,38,3,5,0.82619697146107,0.005191765526251402,202
0.1440755754234456,0.04277498066518454,3,35,117,0.8260179630667663,0.0019519755104285164,203
17.39530189807164,0.8596906962941759,15,20,5,0.8254036875591672,0.002794113451827293,204
0.01759929747624533,0.6729863907014084,23,36,5,0.8251734071153027,0.004608777837792222,205
813.6996015729101,0.032439111898038095,36,22,9,0.8250709219683948,0.004702723556389932,206
6.446239767741969,0.009160298171578929,17,29,89,0.8244054988659067,0.003945739098627577,207
2.1867080839441004,0.7186724451784342,26,1,5,0.8239448659254736,0.00400228082447007,208
0.06295894245200997,0.041496479279932545,6,51,5,0.8237656249974414,0.005130194096786146,209
6.167054458711597e-06,0.012716061297852948,10,6,243,0.8234331476174871,0.003736023921504879,210
4.088025192963452e-05,0.7725660198537031,182,13,6,0.8229722723179569,0.0049144046872122635,211
484.0044857596146,0.059338336353321086,9,2,5,0.8227931329187355,0.004020422766279316,212
159.93337810059748,2.47281511278068,31,2,112,0.8225628295490107,0.00807267944576139,213
3.5829116018360363e-05,0.6658945382934477,47,23,5,0.8225116623033841,0.004649580834719545,214
0.00021845219845908508,0.005287358673343092,129,10,225,0.8222557769484075,0.0027266586774409556,215
8.608918097493206,0.6081892610786259,253,84,5,0.8220509966117214,0.0038164574120827933,216
0.0006241217555712274,0.00497603842053638,204,14,128,0.821948632644362,0.003339089793031636,217
0.5399435501908273,0.023345129659780348,5,2,68,0.8218718441120085,0.002855746106065179,218
0.006391323606725326,0.005379433899291769,116,18,133,0.8217183030736537,0.003064191829810869,219
0.00030718987809775854,0.004498490812411599,137,1,221,0.821283229192612,0.003696607233257242,220
722.2566393799957,0.1902663089297272,2,5,29,0.8202850863510726,0.0033991239183502964,221
0.000250856871428163,0.0046057304468415765,95,1,240,0.8201827092832212,0.003208739579771407,222
3.6422212801684284e-06,0.006278892529122607,15,1,150,0.8199267715262778,0.00316799812697225,223
1.501574414776445,0.612812318535133,121,3,5,0.8197220075652065,0.003615123271828368,224
2.1452562779794286e-06,0.011435884823613834,7,1,101,0.81944044197129,0.004160241231595299,225
0.006878231603036001,0.12361184632542634,12,60,4,0.8187494270581814,0.0034977203092748043,226
5.753483725933118e-06,0.9882680218429558,210,3,26,0.8185959089456871,0.0038446049586035457,227
0.13494224994638435,0.04955477295696622,70,1,4,0.8185702254316244,0.00393952127667388,228
2.0779394799937994e-06,0.05116992002212359,3,98,9,0.8183655335232578,0.004004870542170381,229
0.0005538528223123889,0.018561880869486222,6,1,33,0.8180583237167536,0.0054009946594188694,230
18.44581117065638,0.9233121321890398,8,7,4,0.8177256924060214,0.004243579569406463,231
1.4350065701569041,0.6545128272122042,4,7,4,0.8175208858683523,0.004648727596227696,232
0.046498999696610734,0.5862970946217688,11,4,4,0.816983487321426,0.004629144864164753,233
1.443508385996189e-05,0.38024070742206534,3,2,4,0.8165228216297635,0.00415604261109814,234
0.0032983376739876653,0.6292585088508333,28,25,4,0.8165227626775506,0.004516386787964619,235
2.528747562449475,0.5470034441722935,103,19,4,0.8153455557646175,0.0036341458511656884,236
629.6232666100929,1.14557482317581,2,66,4,0.8152687181054199,0.004601520072123514,237
219.42138074901052,0.10581207811787588,5,89,4,0.8148848245704963,0.005747172244175371,238
29.285239422951783,1.061494510115089,189,2,4,0.8146801162865149,0.003122909692158107,239
7.783937462343798,1.0260599074640195,26,1,4,0.8143729883580842,0.0032105958366224516,240
0.13759434105781018,0.02031756451079787,121,1,4,0.8143217949114743,0.004103359975761431,241
0.19872078527673823,0.013403392469226125,5,35,60,0.8142450391303502,0.0035680693420247953,242
613.2019291493391,2.383643057544284,227,95,140,0.8140656966735067,0.006848165929921499,243
0.5967358149337197,0.028110573957441886,3,1,35,0.8138356225623873,0.0037757844799519613,244
16.60855967843676,2.6615639144423713,191,14,24,0.8128374174935125,0.005781669893137735,245
46.85848622922421,3.6760067337821027,130,1,153,0.8124278568201404,0.00848961285659926,246
0.0017005619381552446,0.27030470351268887,5,17,3,0.8102779613211256,0.005810571137148297,247
119.41453615488717,2.0176197280480306,28,22,8,0.8097661611350659,0.004408889200804253,248
35.82428475023501,0.010123003839513828,100,23,11,0.8096382282829465,0.003077398022121777,249
4.62881777706065e-05,0.011394178517560107,187,30,4,0.8086656314003067,0.003805575089132553,250
39.48016216235224,0.04103107411031956,14,4,3,0.8083840330551608,0.006322989728209585,251
2.788726442649497e-05,0.006359909904063365,88,5,18,0.808025868886021,0.004366991310971129,252
0.0001191527952375312,1.1500447460349335,159,9,14,0.8076674558075381,0.005393741512044116,253
0.38783583522536513,0.02269808523059253,64,1,3,0.8073603966566891,0.004584994079659875,254
1.3002800281201903,1.4375563191954281,2,29,3,0.8070021506094758,0.005279933532292089,255
1.6433643589710585e-05,1.0129276989748917,11,21,3,0.8070021276836151,0.00570712305498825,256
0.010966415176692432,0.021940949595688083,78,12,3,0.8066181948472163,0.0040306966618117255,257
1.6566612751540927e-05,0.043416667639331025,4,35,4,0.805799263457603,0.0035489447647335075,258
0.0005693200533879317,0.006101366557572218,29,3,44,0.8056970141195462,0.003687066872282941,259
228.70709763693708,0.6178043585327576,11,2,2,0.8056458173978133,0.001567052837692647,260
895.5872512774425,0.5841327982953338,109,3,2,0.8054410403362503,0.001577665576750215,261
18.946629437322617,0.6225044670314479,9,7,2,0.8052106976650503,0.0030724626613224393,262
0.0018450923489575697,0.4716481190346803,4,11,2,0.8050315811916896,0.0032818911040519596,263
0.0012777283750274948,0.2999442944257924,244,6,3,0.805005832175168,0.006635590763253875,264
10.662013004626612,0.11739603875232438,6,1,2,0.8049036123132177,0.0026944804331760657,265
0.288345496730465,0.1514848351215602,53,18,2,0.8049035435356361,0.002523853459254125,266
0.04621575891687291,0.47863680305230394,78,85,2,0.8048524155914848,0.0009416374919467363,267
0.024918803518476317,0.014190827693874293,120,25,3,0.8048010354628674,0.004814304001940666,268
53.31727666116549,0.10505814428621969,11,3,2,0.8046988287014087,0.0027937443718014103,269
0.005350026408238077,0.3629352432974702,4,62,2,0.8046476352547988,0.004134963833646818,270
0.00012091207383519716,0.006611872676933956,16,13,45,0.8043404713000157,0.003933631823866475,271
0.0037097911237173728,0.13338226514168858,6,8,2,0.8042125155220358,0.00350715262207585,272
0.0010152983746314266,0.6556584968702247,10,53,2,0.8040077941375626,0.0026902700525193177,273
1.8702175733048445,0.9157134884523592,5,59,2,0.8039054629214325,0.0030320355233288045,274
0.00010212344117049488,0.2642475682351252,181,1,3,0.803905387593605,0.004399438310282341,275
0.0007933991539638215,0.8409015612484492,8,31,2,0.8034191726679201,0.0026848091955014282,276
0.00034956807523849775,0.011544578970967136,6,2,78,0.8032144840346763,0.001717017497254815,277
5.0931537316134515e-06,0.11434906142288964,173,2,2,0.8026769577579558,0.002398098200147124,278
701.0584202700256,0.07712816745555777,44,3,2,0.8026513266458599,0.004257186358818058,279
5.262939654260753e-05,0.7120232942686887,124,25,2,0.802600224902692,0.002609694040135263,280
0.004199265376887101,0.030740336118320655,2,13,123,0.8012182278277044,0.0021303776143609295,281
4.322122744458761,0.005704741241223153,24,13,38,0.8005527195720201,0.0038177910707698245,282
0.019032707129775065,1.0746024165832975,35,4,2,0.7998617636111243,0.0030172748412881354,283
0.015393662690843057,0.42590354516938567,2,2,2,0.7998105308630391,0.004716999849796385,284
2.927931345990763,0.011451947783254127,206,71,3,0.7997080489912539,0.00313557548867834,285
1.435533691380138e-05,0.019130649211440195,2,3,80,0.7986844911957327,0.002338260651186232,286
3.900373351153119e-05,0.007104927604969457,4,62,83,0.7985052797438067,0.0037845158425765255,287
492.2643924912351,0.06645397128438253,2,5,99,0.7979679270486016,0.0021105724864200017,288
357.6941645980265,2.0861055017815033,123,41,7,0.7975326599353065,0.005317715248203826,289
0.3356016236801227,0.08542419366651546,2,21,2,0.7970976646572149,0.004273740736049054,290
89.61553336506341,0.025120991802623883,5,34,3,0.7969697121543577,0.005449376211698999,291
0.06267280926410658,0.006810915902777343,5,21,23,0.7968929301722502,0.0017253063656734915,292
9.726324340846406e-06,1.1749566379691754,53,4,2,0.7965090759388016,0.0032318568982583795,293
11.634758543382068,0.019044828339866333,8,1,2,0.7954341314644171,0.003057508307305557,294
0.17468178542094998,0.006011192050626889,240,64,12,0.7948710657790428,0.002094251769378758,295
2.943663418656954,0.013380522572974646,6,20,4,0.7931051162169186,0.0030038990893204846,296
0.05102724950307955,0.013883960215231425,7,7,2,0.7921325946621065,0.002158978544653108,297
6.948604642403327e-06,0.014521647640383783,2,39,42,0.7915182995037697,0.0038315090823548194,298
662.1655662512292,0.03349582997651716,2,10,64,0.7902131040616273,0.002667228315105518,299
0.008409189013595476,0.009015493837461495,2,38,222,0.7898803908728219,0.002850732003270272,300
0.0005613731550160865,1.4867643787895606,21,3,3,0.7892150758493908,0.011833376975525046,301
0.050740946149255166,0.00892633887032272,104,50,2,0.7889589972621611,0.0027179080918587595,302
0.20069189500636703,0.006857590185178579,38,98,5,0.7887798382122021,0.002683600205537314,303
6.744893808513687e-05,0.004541256585169635,48,2,30,0.7881401772267275,0.006801678785975044,304
0.01258665819969359,0.007780723996259315,118,1,2,0.7881400331213182,0.002849874555562309,305
312.13284728951055,0.014815046203349991,4,23,32,0.7859902620769749,0.0010698625313395726,306
8.113999472996711e-05,0.011030498025013227,2,55,25,0.7829702777680889,0.0021926060097785943,307
2.8988259030852942e-06,1.9619292278418192,52,24,18,0.7827145234180296,0.013170684170445006,308
3.5767112156908047,1.65775897412297,66,13,3,0.7822540771596038,0.005848359550454996,309
880.1914175934945,0.027192370875032134,184,3,4,0.7819721251011809,0.0026470769679385903,310
1.6888800017696118e-06,0.007082354674292195,83,67,2,0.7818185218354902,0.0029618652929658627,311
0.0005049832468098308,0.011384096027763203,4,5,12,0.7801806001040507,0.003046709190723966,312
1.4012786455098483,0.006847508743060656,18,44,4,0.7790801162210126,0.004875361680162185,313
1.4572492024411186,0.022637979073204903,2,5,2,0.7776468077949891,0.0035861888634640205,314
4.839191364339365e-05,0.018501302711610945,2,4,4,0.7774933126083554,0.0025035911191876085,315
447.16334859751765,0.02801422578378662,2,1,3,0.7770070321802117,0.0025668652753101915,316
0.33392277426735595,0.006575655515854614,23,11,3,0.7769814403695909,0.0025880953729384214,317
0.0031049089541206752,1.248722404334407,2,1,24,0.77465255612701,0.010823350904218858,318
2.6512111731656736e-05,1.6875111102226112,19,14,5,0.7741417515783227,0.032112604115639945,319
0.7192004518515406,0.005316565074844471,158,6,7,0.771197700994704,0.00506649618859994,320
0.00040203879917886335,0.005870855101207899,23,27,6,0.7675886137731037,0.004668051684131673,321
13.3640152981761,5.893923684288409,193,1,38,0.7667439137162313,0.011769516829183648,322
6.32181819450177e-06,1.2523461319752083,3,76,74,0.764696729347607,0.0328064996781917,323
2.469552666301621,0.007422297397210037,6,38,3,0.7636731420759792,0.0031387662209708457,324
0.012439280213927683,0.007183549993912514,3,2,18,0.7624446762139776,0.001558926688248557,325
114.34204285191858,0.0018309304491318712,52,1,3,0.7611650005297512,5.3875117265886293e-05,326
0.13061196029693847,0.0027669791263767924,24,1,12,0.7611650005297512,5.3875117265886293e-05,326
261.7776295406249,0.010870758981264071,2,10,80,0.7611650005297512,5.3875117265886293e-05,326
132.52039810519858,0.0050659778373152164,4,17,11,0.7611650005297512,5.3875117265886293e-05,326
2.427931115916624e-06,0.0023947518909675602,54,13,47,0.7611650005297512,5.3875117265886293e-05,326
0.012477719123998409,0.0010112535491362939,159,3,3,0.7611650005297512,5.3875117265886293e-05,326
1.7576360045376083,0.0029442937525844043,3,17,3,0.7611650005297512,5.3875117265886293e-05,326
28.09002147059767,0.0035495495205251546,20,31,9,0.7611650005297512,5.3875117265886293e-05,326
56.41186841554947,0.0010558092116014467,136,8,2,0.7611650005297512,5.3875117265886293e-05,326
6.575305420801218e-05,0.0047837529842197956,78,7,10,0.7611650005297512,5.3875117265886293e-05,326
1.8326978564085514e-05,0.002406546770614973,3,40,41,0.7611650005297512,5.3875117265886293e-05,326
2.6039341614868987,0.004288046251554899,60,3,87,0.7611650005297512,5.3875117265886293e-05,326
0.0004129712276149602,0.003911202300694776,153,66,10,0.7611650005297512,5.3875117265886293e-05,326
66.1177478163799,0.002723468963081668,15,4,8,0.7611650005297512,5.3875117265886293e-05,326
104.61243683116528,0.0015635833266772349,31,1,3,0.7611650005297512,5.3875117265886293e-05,326
497.08064309638297,0.0016163399195264852,2,9,5,0.7611650005297512,5.3875117265886293e-05,326
0.00015949001055862264,0.0011578356113802007,3,1,13,0.7611650005297512,5.3875117265886293e-05,326
0.00031203792308717563,0.0037423040581528824,12,20,2,0.7611650005297512,5.3875117265886293e-05,326
1.52140258231995e-05,0.0024817714295679184,12,59,6,0.7611650005297512,5.3875117265886293e-05,326
2.64974021758096e-05,0.0015744016531678564,129,2,2,0.7611650005297512,5.3875117265886293e-05,326
3.4394824425796133,0.0037419710070175595,27,60,111,0.7611650005297512,5.3875117265886293e-05,326
545.6478388713815,0.002978225674956438,179,4,9,0.7611650005297512,5.3875117265886293e-05,326
6.2296834664773355,0.0014868218949459216,11,4,5,0.7611650005297512,5.3875117265886293e-05,326
694.9965673077803,0.00356806041923571,108,2,3,0.7611650005297512,5.3875117265886293e-05,326
125.28555044949405,0.001881281790086629,111,21,36,0.7611650005297512,5.3875117265886293e-05,326
0.2975795455443988,0.003098461893924669,252,4,7,0.7611650005297512,5.3875117265886293e-05,326
3.382839419767769e-06,0.001207427075789893,94,1,38,0.7611650005297512,5.3875117265886293e-05,326
0.0006094150416021031,0.0014560366363000803,55,7,156,0.7611650005297512,5.3875117265886293e-05,326
95.2990506165188,0.0016358233035866864,69,52,4,0.7611650005297512,5.3875117265886293e-05,326
0.00033088620144647177,0.002856849442943835,24,16,14,0.7611650005297512,5.3875117265886293e-05,326
2.6832265362034585e-05,0.0011325622533864467,10,2,10,0.7611650005297512,5.3875117265886293e-05,326
0.0010259088828736918,0.0014465480510522657,3,6,2,0.7611650005297512,5.3875117265886293e-05,326
2.769055744711161,0.0021632153342851456,86,2,70,0.7611650005297512,5.3875117265886293e-05,326
0.0029207014226119116,0.001653145697373521,88,1,2,0.7611650005297512,5.3875117265886293e-05,326
302.6107803014919,0.001588149672852836,5,1,2,0.7611650005297512,5.3875117265886293e-05,326
645.9377072882263,0.004059863656303673,59,6,16,0.7611650005297512,5.3875117265886293e-05,326
0.0487966632603243,0.0014734521258676966,32,37,185,0.7611650005297512,5.3875117265886293e-05,326
0.000672936933815669,0.0012322486755296424,39,6,49,0.7611650005297512,5.3875117265886293e-05,326
7.495025569653614,0.002100419327357136,3,18,147,0.7611650005297512,5.3875117265886293e-05,326
1.3581874476508701e-06,0.002399482118195129,44,32,9,0.7611650005297512,5.3875117265886293e-05,326
839.0506134520764,0.010773038946370023,3,38,5,0.7611650005297512,5.3875117265886293e-05,326
0.006780357053605283,0.0021358449973044092,13,94,238,0.7611650005297512,5.3875117265886293e-05,326
1.577053756774617,0.004060906751834319,42,24,5,0.7611650005297512,5.3875117265886293e-05,326
2.648814255311992e-06,0.003497660828616566,14,13,107,0.7611650005297512,5.3875117265886293e-05,326
2.1549205418522517e-05,0.001210133293277457,12,66,2,0.7611650005297512,5.3875117265886293e-05,326
34.30762023102698,0.0017097049286799333,3,29,13,0.7611650005297512,5.3875117265886293e-05,326
1.0753264417730037e-06,0.0026476021359686753,13,12,56,0.7611650005297512,5.3875117265886293e-05,326
1.1105213683432889,0.003188147844477381,147,73,64,0.7611650005297512,5.3875117265886293e-05,326
1.7764807578045892e-06,0.0030106931888640867,2,97,2,0.7611650005297512,5.3875117265886293e-05,326
0.00015806229840878522,0.004348868440853541,19,3,3,0.7611650005297512,5.3875117265886293e-05,326
3.219189824675696e-05,0.0023741439678394926,15,27,46,0.7611650005297512,5.3875117265886293e-05,326
1.6247590089872443,0.0021131802682282214,3,31,16,0.7611650005297512,5.3875117265886293e-05,326
869.005260654442,0.009803410542679875,45,1,13,0.7611650005297512,5.3875117265886293e-05,326
2.8380737690404313e-05,0.0017800129029259268,52,12,19,0.7611650005297512,5.3875117265886293e-05,326
0.27222502236071133,0.001104751112386208,10,3,11,0.7611650005297512,5.3875117265886293e-05,326
0.33358240866582195,0.00258881757855745,24,5,2,0.7611650005297512,5.3875117265886293e-05,326
4.0306320799342064e-05,0.0038254651082123494,231,5,41,0.7611650005297512,5.3875117265886293e-05,326
3.8122040958436756e-06,0.0030739964804998893,9,15,187,0.7611650005297512,5.3875117265886293e-05,326
1.9957131871408862e-05,0.004112662173527758,2,1,11,0.7611650005297512,5.3875117265886293e-05,326
222.6302836621602,0.008843864254536761,5,20,2,0.7611650005297512,5.3875117265886293e-05,326
5.923069384829847e-06,0.0020587746068160863,14,34,50,0.7611650005297512,5.3875117265886293e-05,326
1.1152026621802813e-06,0.0034721854370174227,39,13,82,0.7611650005297512,5.3875117265886293e-05,326
0.6686509030061772,0.006379277878174309,2,36,147,0.7611650005297512,5.3875117265886293e-05,326
0.0003172161911491674,0.001046603365899983,5,2,5,0.7611650005297512,5.3875117265886293e-05,326
567.2557054047988,0.014263968023543662,6,1,3,0.7611650005297512,5.3875117265886293e-05,326
0.002013497955648809,0.0022153859414431516,77,5,81,0.7611650005297512,5.3875117265886293e-05,326
1.2917951750830623,0.0011480409199518423,86,1,24,0.7611650005297512,5.3875117265886293e-05,326
1.2018197459654787e-06,0.004308730798202056,34,1,2,0.7611650005297512,5.3875117265886293e-05,326
0.018336227955514713,0.0014428094367980313,69,16,10,0.7611650005297512,5.3875117265886293e-05,326
38.66378771635015,0.0011869179680979028,7,1,2,0.7611650005297512,5.3875117265886293e-05,326
95.67192700823642,0.0036997849546449952,5,43,84,0.7611650005297512,5.3875117265886293e-05,326
0.00022031154672418727,0.002069270513840255,179,70,18,0.7611650005297512,5.3875117265886293e-05,326
0.31139077999455916,0.0016135472266690068,51,1,41,0.7611650005297512,5.3875117265886293e-05,326
18.97082643050368,0.004103906281576783,15,89,13,0.7611650005297512,5.3875117265886293e-05,326
0.21643238195039047,0.0010058928266039081,98,80,3,0.7611650005297512,5.3875117265886293e-05,326
0.00011794127140187706,0.001722007407062521,142,45,13,0.7611650005297512,5.3875117265886293e-05,326
0.018903647880616204,0.0013924982732343068,232,1,71,0.7611650005297512,5.3875117265886293e-05,326
3.8931636031400947,0.002977495007303536,167,18,9,0.7611650005297512,5.3875117265886293e-05,326
3.0791008819445167e-06,0.009182932070293944,2,2,4,0.7611650005297512,5.3875117265886293e-05,326
2.188679290865009,0.00112655504418521,28,2,8,0.7611650005297512,5.3875117265886293e-05,326
0.12026425991645984,0.004593461917450091,6,1,36,0.7611650005297512,5.3875117265886293e-05,326
931.229230454666,0.01089595812549488,2,2,151,0.7611650005297512,5.3875117265886293e-05,326
338.76485685673896,0.0025816725822887282,7,8,27,0.7611650005297512,5.3875117265886293e-05,326
3.354677729095793,0.008588609784684786,2,31,40,0.7611650005297512,5.3875117265886293e-05,326
2.5755920075654197,0.001244927257081549,3,7,46,0.7611650005297512,5.3875117265886293e-05,326
8.847946977253685e-06,0.0012959246842597098,71,7,92,0.7611650005297512,5.3875117265886293e-05,326
0.005700446086412016,0.0038377395438936542,3,66,2,0.7611650005297512,5.3875117265886293e-05,326
24.026727247361276,0.0040436026749881724,162,6,11,0.7611650005297512,5.3875117265886293e-05,326
0.001061501893311757,0.0017708404447125663,12,11,165,0.7611650005297512,5.3875117265886293e-05,326
2.868579415510844e-05,0.002822205292584636,231,1,9,0.7611650005297512,5.3875117265886293e-05,326
0.0015470785069062758,0.0020911616178808084,42,14,77,0.7611650005297512,5.3875117265886293e-05,326
0.001071693137120838,0.0023921976958389247,41,52,15,0.7611650005297512,5.3875117265886293e-05,326
3.340069146522957e-05,0.002747542619422369,12,3,14,0.7611650005297512,5.3875117265886293e-05,326
85.25033850622899,0.003905533429116405,4,4,77,0.7611650005297512,5.3875117265886293e-05,326
4.95718215559477,0.0016478296432293749,23,1,22,0.7611650005297512,5.3875117265886293e-05,326
0.0014710473080527889,0.0012392780734233764,10,9,126,0.7611650005297512,5.3875117265886293e-05,326
0.00020769779042094228,2.497948323688924,77,17,48,0.7610347750915765,0.03876702228755467,422
25.644359904560215,3.14984464007493,16,5,246,0.758350716867096,0.03429647805670503,423
457.2299207996844,7.124852682883084,83,19,10,0.7536391741384503,0.03417601066348362,424
0.00010112922788023253,1.6369664523571574,91,92,4,0.7532308023347042,0.008778106730020193,425
0.00013058230324657481,2.535101347995252,136,70,89,0.7531283073624272,0.01108461902303024,426
14.584668751026955,5.794252064953775,167,40,9,0.7505182177894525,0.01352096464570638,427
0.0053191935715691625,3.9058919870836033,134,12,105,0.7491106747555654,0.015281898840954444,428
0.05252420896564914,6.7517226379534945,174,4,109,0.7468590965147616,0.02823827568355589,429
0.000440897365601381,5.009131915822009,49,60,57,0.7465510613772776,0.01801518790015588,430
0.17319885170723684,6.883700652767746,95,10,70,0.7444003700233892,0.03666872710925905,431
0.33894331958456675,4.271861910223725,38,4,131,0.7424038583568283,0.035137833991399754,432
6.2927448225732325,2.2821667060313695,8,1,22,0.7342148916237257,0.029719977610562734,433
0.6781750274634555,5.232826655694392,27,17,22,0.7294298027344329,0.01365854275443284,434
0.004678285439593781,1.81432283134985,11,2,3,0.7195770047723453,0.03948394118231688,435
0.09481639143550287,3.4264089331982834,60,10,39,0.7194444310710257,0.09089423376901015,436
0.014786869821644517,6.48436383355584,170,78,82,0.7178896319596977,0.0692965828352593,437
16.746594241474178,1.3717775632111262,2,8,41,0.7178334799769628,0.09175039282870576,438
11.687594286587936,4.695888903867508,17,1,210,0.7114126604134745,0.06750113711201308,439
0.29858638805735704,3.745595893655143,62,21,30,0.7102367635497158,0.11182785856789561,440
187.81477054510773,8.963693947550478,187,1,4,0.7052955986769158,0.028122820686564295,441
0.15427751578669224,2.9095691585723698,14,1,2,0.703680655207994,0.05439627750585782,442
50.332652158540434,6.744011842385236,5,19,6,0.7026568255772692,0.06410419405968264,443
6.307091892726542,5.31322662367933,23,2,192,0.7020958330447131,0.05317799174715089,444
0.00011948058854456485,1.4513985790903956,2,86,9,0.6979276364862451,0.07607754515929244,445
1.9981747513889493e-05,1.355210157488563,2,32,18,0.6973860523322069,0.049766609930310325,446
0.8290619165774523,6.884775962269214,37,6,65,0.6955472771364815,0.085722462918381,447
0.0038698678568274618,4.621746406010927,8,84,81,0.6928341489208224,0.1422231906207171,448
0.007999837644300825,4.862152907647117,11,14,20,0.6839498211864754,0.024162964190643618,449
0.00015314668981942218,4.351821508981831,61,26,14,0.6838978515357297,0.08439248042188432,450
41.25204705921523,5.622367988181542,4,19,4,0.6837201237144938,0.0034879145030307303,451
5.1402490243448417e-05,3.448307443800152,4,1,9,0.6746881206869701,0.054325341764706894,452
0.005400902921274029,5.853191944901555,13,53,34,0.672816512383813,0.024530326118948446,453
0.1373100320677795,4.526687657288252,10,77,6,0.6660634938258202,0.155438830325433,454
0.008638591374636658,2.5762526005984285,203,61,17,0.6582248571677949,0.10213881504244653,455
5.6126240716196844e-05,4.115729904576567,55,2,4,0.6572104336901416,0.11808247097696127,456
0.009444645260008,4.603532053997694,62,2,45,0.6567232362275759,0.14130803890119223,457
3.64055332941976e-05,9.849188789265183,69,1,12,0.6542800796706405,0.19660931663121778,458
0.0003585555569609749,6.842495734270088,182,8,30,0.6494806097165364,0.11086954268428743,459
670.5191196372829,3.5315200291291284,2,64,104,0.6487897356337141,0.15174347702535168,460
3.808873652433345e-06,4.354528671762793,62,56,12,0.6479873501651726,0.07896563915808859,461
4.126810260773779,6.084462699006125,181,8,2,0.6471001259121012,0.061865252172302224,462
0.7723043179056533,2.3577987799144493,99,71,2,0.644102150429344,0.051073039790140266,463
1.2547900251620395e-06,7.141306090437756,97,15,6,0.6439225230368054,0.12099485122813601,464
37.8351592604768,3.773579128740061,5,5,99,0.6397488930493868,0.05497817102067621,465
0.00015940504448356545,2.752385485420339,149,14,2,0.6358629236596682,0.09735886877847214,466
0.6946402296901505,4.010242176944695,3,66,42,0.6290518142461625,0.05297728450811012,467
0.12001951018623476,9.967194043756558,103,5,42,0.6269812029231783,0.0762224876416465,468
3.816882027304217,4.907954131429537,16,4,9,0.6241605655220276,0.15994236909009557,469
0.017559722802450134,8.10404719397067,170,13,18,0.6205813048450041,0.13378645646031256,470
6.103254162584479e-06,3.347212040739122,50,35,3,0.6090359430004155,0.1134346320636724,471
0.0004661183823239228,3.2014299128172063,5,1,2,0.6084763129190007,0.07398886783886388,472
1.58231116515698e-06,3.6263322330689416,2,4,17,0.6042533497547997,0.004271818015816443,473
2.7177337158151378e-06,3.1467983328393956,2,3,43,0.6042533497547997,0.004271818015816443,473
7.8450969706534295,3.5712104848492343,2,2,11,0.6042533497547997,0.004271818015816443,473
0.0002721228696845365,3.5235886687429874,109,58,159,0.5992271135637415,0.17250677867141703,476
0.03569546061952873,6.5234950185746365,141,36,202,0.5929679147668907,0.05751748913315476,477
1.0353663984058139e-05,4.724815374064929,32,22,2,0.5821187392545263,0.15013247363042084,478
1.7627582809521986e-05,3.138922107177899,3,25,19,0.5454676343344893,0.13987821576857348,479
3.191697691188893e-05,6.795037062917215,14,2,7,0.5398067677467859,0.13530091182730947,480
1.1360395066843183e-05,4.537348821030536,11,70,41,0.521366974086081,0.25307051023805244,481
7.5841427401823564e-06,2.0273423048559573,3,94,218,0.4950637740125872,0.24310886501895498,482
0.33792170757906986,2.889592205099088,4,57,202,0.47288003994339933,0.16134997819054825,483
2.672836210037355e-06,9.311597501695577,18,23,64,0.45648238368687466,0.22193785727112655,484
3.0464815236568575e-06,3.1398663842490393,26,79,4,0.4260194990994231,0.1601565332986022,485
0.034717577863092715,1.8334312309502478,2,4,38,0.3915752866428533,0.023108776047289205,486
4.572702954260362e-06,6.353408312991744,7,23,2,0.34994169134881187,0.17511970854775064,487
0.00031983300814853805,3.1802909514850093,3,1,43,0.34151166246714026,0.07201848628513513,488
0.09326175403304558,5.6707579510708275,5,3,157,0.2868990071628576,0.004098804725838537,489
2.6626195555784736e-06,5.18799175365845,4,3,15,0.28195954207886137,0.004868647563820234,490
51.87114568597061,7.253822654509947,2,3,41,0.27896511027912074,0.005945458774463342,491
9.003019406166098e-06,6.880348475968007,2,24,77,0.27896511027912074,0.005945458774463342,491
0.13344156529543905,6.487863462013861,2,4,3,0.27896511027912074,0.005945458774463342,491
0.5682684117289029,7.664654042683009,2,54,11,0.27896511027912074,0.005945458774463342,491
145.52109268668642,6.286166068814947,2,15,13,0.27896511027912074,0.005945458774463342,491
3.266870212715632e-06,4.124887995380656,2,40,47,0.27896511027912074,0.005945458774463342,491
1.8354272947445696e-06,4.3376699540738235,28,52,4,0.2754069020923287,0.020853625771863216,497
2.7714646687761415e-05,9.684175610940095,19,52,95,0.27461415531058725,0.003066314301306679,498
2.6767224515721364e-06,5.731436169665916,6,52,96,0.26161326660597867,0.016155642068058845,499
4.977098633939673e-05,8.641628604900243,6,4,63,0.25168263207219815,0.009578855551715759,500
